Product ID,ProductNumber,ProductSubCategoryID,Product Name
1,FUR-BO-10000112,1,"Bush Birmingham Collection Bookcase, Dark Cherry"
2,FUR-BO-10000330,1,"Sauder Camden County Barrister Bookcase, Planked Cherry Finish"
151,FUR-FU-10000305,3,"Tenex V2T-RE Standard Weight Series Chair Mat, 45 x 53, Lip 25 x 12"
351,FUR-TA-10002958,4,"Bevis Oval Conference Table, Walnut"
451,OFF-AP-10003622,5,"Bravo II Megaboss 12-Amp Hard Body Upright, Replacement Belts, 2 Belts per Pack"
551,OFF-AR-10002335,6,DIXON Oriole Pencils
651,OFF-BI-10000309,7,"GBC Twin Loop Wire Binding Elements, 9/16 Spine, Black"
751,OFF-BI-10002824,7,Recycled Easel Ring Binders
854,OFF-EN-10001137,8,"#10 Gummed Flap White Envelopes, 100/Box"
